[
  {
    "line": 1,
    "elements": [
      {
        "start_timestamp": "2020-06-17T06:52:31.225Z",
        "before": [
          {
            "result": {
              "duration": 12990000000,
              "status": "passed"
            },
            "match": {
              "location": "step_definition.Steps.initialise()"
            }
          }
        ],
        "line": 5,
        "name": "Getting Successful Response",
        "description": "",
        "id": "verify-get-operation;getting-successful-response",
        "type": "scenario",
        "keyword": "Scenario",
        "steps": [
          {
            "result": {
              "duration": 453000000,
              "status": "passed"
            },
            "line": 6,
            "name": "I set the endpoint",
            "match": {
              "location": "step_definition.Steps.settingEndpoint()"
            },
            "keyword": "Given "
          },
          {
            "result": {
              "duration": 1204000000,
              "status": "passed"
            },
            "line": 7,
            "name": "I perform GET operation for /list with list id 4",
            "match": {
              "location": "step_definition.Steps.validRequest()"
            },
            "keyword": "When "
          },
          {
            "result": {
              "duration": 3000000,
              "status": "passed"
            },
            "line": 8,
            "name": "I should see status code 200",
            "match": {
              "location": "step_definition.Steps.checkResponse()"
            },
            "keyword": "Then "
          }
        ],
        "tags": [
          {
            "name": "@soapui"
          }
        ]
      }
    ],
    "name": "Verify GET operation",
    "description": "",
    "id": "verify-get-operation",
    "keyword": "Feature",
    "uri": "file:src/cucumber/test/list.feature",
    "tags": []
  }
]